{"cameraMode":{"drawMode":0,"name":"Shaded","section":"Shading Mode"},"sceneLighting":true,"audioPlay":false,"sceneViewState":{"m_AlwaysRefresh":false,"showFog":true,"showSkybox":false,"showFlares":true,"showImageEffects":true,"showParticleSystems":true,"showVisualEffectGraphs":true,"m_FxEnabled":true},"in2DMode":false,"pivot":{"x":-1.5210983753204346,"y":3.5137202739715578,"z":0.24978065490722657},"rotation":{"x":-0.07073242217302323,"y":0.02303747832775116,"z":-0.0016348742647096515,"w":-0.9972367286682129},"size":7.929693222045898,"orthographic":true}